Background/Introduction_Agent,Who or what is performing this trigger?
Background/Introduction_Primaryobject,What is directly receiving or affected by the trigger?
Background/Introduction_Secondaryobject,What is a secondary entity also receiving the trigger?
Background/Introduction_Context,What provides foundational or situational information of the event?
Background/Introduction_Purpose,What is the purpose or aim of the event?
Background/Introduction_Method,What techniques, tools, approaches, or frameworks are used in the event?
Background/Introduction_Results,What are the outcomes, observations or findings of the event?
Background/Introduction_Analysis,What are the interpretations or explanations of other arguments?
Background/Introduction_Challenge,What are the constraints or weaknesses of the event?
Background/Introduction_Ethical,What are the ethical concerns, justifications or implications of the event?
Background/Introduction_Implications,What is the broader significance or potential for future applications/research?
Background/Introduction_Contradictions,What are the disagreements with existing knowledge?
Methods/Approach_Agent,Who or what is performing this trigger?
Methods/Approach_Primaryobject,What is directly receiving or affected by the trigger?
Methods/Approach_Secondaryobject,What is a secondary entity also receiving the trigger?
Methods/Approach_Context,What provides foundational or situational information of the event?
Methods/Approach_Purpose,What is the purpose or aim of the event?
Methods/Approach_Method,What techniques, tools, approaches, or frameworks are used in the event?
Methods/Approach_Results,What are the outcomes, observations or findings of the event?
Methods/Approach_Analysis,What are the interpretations or explanations of other arguments?
Methods/Approach_Challenge,What are the constraints or weaknesses of the event?
Methods/Approach_Ethical,What are the ethical concerns, justifications or implications of the event?
Methods/Approach_Implications,What is the broader significance or potential for future applications/research?
Methods/Approach_Contradictions,What are the disagreements with existing knowledge?
Results/Findings_Agent,Who or what is performing this trigger?
Results/Findings_Primaryobject,What is directly receiving or affected by the trigger?
Results/Findings_Secondaryobject,What is a secondary entity also receiving the trigger?
Results/Findings_Context,What provides foundational or situational information of the event?
Results/Findings_Purpose,What is the purpose or aim of the event?
Results/Findings_Method,What techniques, tools, approaches, or frameworks are used in the event?
Results/Findings_Results,What are the outcomes, observations or findings of the event?
Results/Findings_Analysis,What are the interpretations or explanations of other arguments?
Results/Findings_Challenge,What are the constraints or weaknesses of the event?
Results/Findings_Ethical,What are the ethical concerns, justifications or implications of the event?
Results/Findings_Implications,What is the broader significance or potential for future applications/research?
Results/Findings_Contradictions,What are the disagreements with existing knowledge?
Conclusions/Implications_Agent,Who or what is performing this trigger?
Conclusions/Implications_Primaryobject,What is directly receiving or affected by the trigger?
Conclusions/Implications_Secondaryobject,What is a secondary entity also receiving the trigger?
Conclusions/Implications_Context,What provides foundational or situational information of the event?
Conclusions/Implications_Purpose,What is the purpose or aim of the event?
Conclusions/Implications_Method,What techniques, tools, approaches, or frameworks are used in the event?
Conclusions/Implications_Results,What are the outcomes, observations or findings of the event?
Conclusions/Implications_Analysis,What are the interpretations or explanations of other arguments?
Conclusions/Implications_Challenge,What are the constraints or weaknesses of the event?
Conclusions/Implications_Ethical,What are the ethical concerns, justifications or implications of the event?
Conclusions/Implications_Implications,What is the broader significance or potential for future applications/research?
Conclusions/Implications_Contradictions,What are the disagreements with existing knowledge?